"0","# Enter code here"
"0",""
"0","library(magick)"
"0",""
"0","# Function to generate a meme"
"0","meme_generator <- function(text, image_path) {"
"0","  # Load the image file"
"0","  image <- image_read(image_path)"
"0","  "
"0","  # Add the text to the image"
"0","  image_annotate(image, text, size = 50, gravity = ""center"", color = ""red"")"
"0","}"
"0",""
"0","# Call the function 'meme_generator' "
"0","meme_generator(""Ahhhh!"", ""https://raw.githubusercontent.com/R-CoderDotCom/samples/main/homer.gif"")"
